file,run,cc,build,variant,size,command
run1_clang_vec-off_distance_d1k.txt,1,clang,vec-off,distance,d1k,bench --input /home/lewis/w5/build/data/d1k.csv --variant distance --repeat 21 --warmup 3 --lat 10 --lon 20 --radius-km 2000
run1_clang_vec-default_distance_d1k.txt,1,clang,vec-default,distance,d1k,bench --input /home/lewis/w5/build/data/d1k.csv --variant distance --repeat 21 --warmup 3 --lat 10 --lon 20 --radius-km 2000
run1_clang_vec-off_distance_d100k.txt,1,clang,vec-off,distance,d100k,bench --input /home/lewis/w5/build/data/d100k.csv --variant distance --repeat 21 --warmup 3 --lat 10 --lon 20 --radius-km 2000
run1_clang_vec-default_distance_d100k.txt,1,clang,vec-default,distance,d100k,bench --input /home/lewis/w5/build/data/d100k.csv --variant distance --repeat 21 --warmup 3 --lat 10 --lon 20 --radius-km 2000
run1_clang_vec-off_distance_d1m.txt,1,clang,vec-off,distance,d1m,bench --input /home/lewis/w5/build/data/d1m.csv --variant distance --repeat 21 --warmup 3 --lat 10 --lon 20 --radius-km 2000
run1_clang_vec-default_distance_d1m.txt,1,clang,vec-default,distance,d1m,bench --input /home/lewis/w5/build/data/d1m.csv --variant distance --repeat 21 --warmup 3 --lat 10 --lon 20 --radius-km 2000
run1_clang_vec-off_query_d1k.txt,1,clang,vec-off,query,d1k,bench --input /home/lewis/w5/build/data/d1k.csv --variant query --repeat 21 --warmup 3 --lat 10 --lon 20 --radius-km 2000
run1_clang_vec-default_query_d1k.txt,1,clang,vec-default,query,d1k,bench --input /home/lewis/w5/build/data/d1k.csv --variant query --repeat 21 --warmup 3 --lat 10 --lon 20 --radius-km 2000
run1_clang_vec-off_query_d100k.txt,1,clang,vec-off,query,d100k,bench --input /home/lewis/w5/build/data/d100k.csv --variant query --repeat 21 --warmup 3 --lat 10 --lon 20 --radius-km 2000
run1_clang_vec-default_query_d100k.txt,1,clang,vec-default,query,d100k,bench --input /home/lewis/w5/build/data/d100k.csv --variant query --repeat 21 --warmup 3 --lat 10 --lon 20 --radius-km 2000
run1_clang_vec-off_query_d1m.txt,1,clang,vec-off,query,d1m,bench --input /home/lewis/w5/build/data/d1m.csv --variant query --repeat 21 --warmup 3 --lat 10 --lon 20 --radius-km 2000
run1_clang_vec-default_query_d1m.txt,1,clang,vec-default,query,d1m,bench --input /home/lewis/w5/build/data/d1m.csv --variant query --repeat 21 --warmup 3 --lat 10 --lon 20 --radius-km 2000
run1_clang_vec-off_parse_d100k.txt,1,clang,vec-off,parse,d100k,bench --input /home/lewis/w5/build/data/d100k.csv --variant parse --repeat 21 --warmup 3 --lat 10 --lon 20 --radius-km 2000
run1_clang_vec-default_parse_d100k.txt,1,clang,vec-default,parse,d100k,bench --input /home/lewis/w5/build/data/d100k.csv --variant parse --repeat 21 --warmup 3 --lat 10 --lon 20 --radius-km 2000
run2_clang_vec-default_distance_d1k.txt,2,clang,vec-default,distance,d1k,bench --input /home/lewis/w5/build/data/d1k.csv --variant distance --repeat 21 --warmup 3 --lat 10 --lon 20 --radius-km 2000
run2_clang_vec-off_distance_d1k.txt,2,clang,vec-off,distance,d1k,bench --input /home/lewis/w5/build/data/d1k.csv --variant distance --repeat 21 --warmup 3 --lat 10 --lon 20 --radius-km 2000
run2_clang_vec-default_distance_d100k.txt,2,clang,vec-default,distance,d100k,bench --input /home/lewis/w5/build/data/d100k.csv --variant distance --repeat 21 --warmup 3 --lat 10 --lon 20 --radius-km 2000
run2_clang_vec-off_distance_d100k.txt,2,clang,vec-off,distance,d100k,bench --input /home/lewis/w5/build/data/d100k.csv --variant distance --repeat 21 --warmup 3 --lat 10 --lon 20 --radius-km 2000
run2_clang_vec-default_distance_d1m.txt,2,clang,vec-default,distance,d1m,bench --input /home/lewis/w5/build/data/d1m.csv --variant distance --repeat 21 --warmup 3 --lat 10 --lon 20 --radius-km 2000
run2_clang_vec-off_distance_d1m.txt,2,clang,vec-off,distance,d1m,bench --input /home/lewis/w5/build/data/d1m.csv --variant distance --repeat 21 --warmup 3 --lat 10 --lon 20 --radius-km 2000
run2_clang_vec-default_query_d1k.txt,2,clang,vec-default,query,d1k,bench --input /home/lewis/w5/build/data/d1k.csv --variant query --repeat 21 --warmup 3 --lat 10 --lon 20 --radius-km 2000
run2_clang_vec-off_query_d1k.txt,2,clang,vec-off,query,d1k,bench --input /home/lewis/w5/build/data/d1k.csv --variant query --repeat 21 --warmup 3 --lat 10 --lon 20 --radius-km 2000
run2_clang_vec-default_query_d100k.txt,2,clang,vec-default,query,d100k,bench --input /home/lewis/w5/build/data/d100k.csv --variant query --repeat 21 --warmup 3 --lat 10 --lon 20 --radius-km 2000
run2_clang_vec-off_query_d100k.txt,2,clang,vec-off,query,d100k,bench --input /home/lewis/w5/build/data/d100k.csv --variant query --repeat 21 --warmup 3 --lat 10 --lon 20 --radius-km 2000
run2_clang_vec-default_query_d1m.txt,2,clang,vec-default,query,d1m,bench --input /home/lewis/w5/build/data/d1m.csv --variant query --repeat 21 --warmup 3 --lat 10 --lon 20 --radius-km 2000
run2_clang_vec-off_query_d1m.txt,2,clang,vec-off,query,d1m,bench --input /home/lewis/w5/build/data/d1m.csv --variant query --repeat 21 --warmup 3 --lat 10 --lon 20 --radius-km 2000
run2_clang_vec-default_parse_d100k.txt,2,clang,vec-default,parse,d100k,bench --input /home/lewis/w5/build/data/d100k.csv --variant parse --repeat 21 --warmup 3 --lat 10 --lon 20 --radius-km 2000
run2_clang_vec-off_parse_d100k.txt,2,clang,vec-off,parse,d100k,bench --input /home/lewis/w5/build/data/d100k.csv --variant parse --repeat 21 --warmup 3 --lat 10 --lon 20 --radius-km 2000
run3_clang_vec-off_distance_d1k.txt,3,clang,vec-off,distance,d1k,bench --input /home/lewis/w5/build/data/d1k.csv --variant distance --repeat 21 --warmup 3 --lat 10 --lon 20 --radius-km 2000
run3_clang_vec-default_distance_d1k.txt,3,clang,vec-default,distance,d1k,bench --input /home/lewis/w5/build/data/d1k.csv --variant distance --repeat 21 --warmup 3 --lat 10 --lon 20 --radius-km 2000
run3_clang_vec-off_distance_d100k.txt,3,clang,vec-off,distance,d100k,bench --input /home/lewis/w5/build/data/d100k.csv --variant distance --repeat 21 --warmup 3 --lat 10 --lon 20 --radius-km 2000
run3_clang_vec-default_distance_d100k.txt,3,clang,vec-default,distance,d100k,bench --input /home/lewis/w5/build/data/d100k.csv --variant distance --repeat 21 --warmup 3 --lat 10 --lon 20 --radius-km 2000
run3_clang_vec-off_distance_d1m.txt,3,clang,vec-off,distance,d1m,bench --input /home/lewis/w5/build/data/d1m.csv --variant distance --repeat 21 --warmup 3 --lat 10 --lon 20 --radius-km 2000
run3_clang_vec-default_distance_d1m.txt,3,clang,vec-default,distance,d1m,bench --input /home/lewis/w5/build/data/d1m.csv --variant distance --repeat 21 --warmup 3 --lat 10 --lon 20 --radius-km 2000
run3_clang_vec-off_query_d1k.txt,3,clang,vec-off,query,d1k,bench --input /home/lewis/w5/build/data/d1k.csv --variant query --repeat 21 --warmup 3 --lat 10 --lon 20 --radius-km 2000
run3_clang_vec-default_query_d1k.txt,3,clang,vec-default,query,d1k,bench --input /home/lewis/w5/build/data/d1k.csv --variant query --repeat 21 --warmup 3 --lat 10 --lon 20 --radius-km 2000
run3_clang_vec-off_query_d100k.txt,3,clang,vec-off,query,d100k,bench --input /home/lewis/w5/build/data/d100k.csv --variant query --repeat 21 --warmup 3 --lat 10 --lon 20 --radius-km 2000
run3_clang_vec-default_query_d100k.txt,3,clang,vec-default,query,d100k,bench --input /home/lewis/w5/build/data/d100k.csv --variant query --repeat 21 --warmup 3 --lat 10 --lon 20 --radius-km 2000
run3_clang_vec-off_query_d1m.txt,3,clang,vec-off,query,d1m,bench --input /home/lewis/w5/build/data/d1m.csv --variant query --repeat 21 --warmup 3 --lat 10 --lon 20 --radius-km 2000
run3_clang_vec-default_query_d1m.txt,3,clang,vec-default,query,d1m,bench --input /home/lewis/w5/build/data/d1m.csv --variant query --repeat 21 --warmup 3 --lat 10 --lon 20 --radius-km 2000
run3_clang_vec-off_parse_d100k.txt,3,clang,vec-off,parse,d100k,bench --input /home/lewis/w5/build/data/d100k.csv --variant parse --repeat 21 --warmup 3 --lat 10 --lon 20 --radius-km 2000
run3_clang_vec-default_parse_d100k.txt,3,clang,vec-default,parse,d100k,bench --input /home/lewis/w5/build/data/d100k.csv --variant parse --repeat 21 --warmup 3 --lat 10 --lon 20 --radius-km 2000
run4_clang_vec-default_distance_d1k.txt,4,clang,vec-default,distance,d1k,bench --input /home/lewis/w5/build/data/d1k.csv --variant distance --repeat 21 --warmup 3 --lat 10 --lon 20 --radius-km 2000
run4_clang_vec-off_distance_d1k.txt,4,clang,vec-off,distance,d1k,bench --input /home/lewis/w5/build/data/d1k.csv --variant distance --repeat 21 --warmup 3 --lat 10 --lon 20 --radius-km 2000
run4_clang_vec-default_distance_d100k.txt,4,clang,vec-default,distance,d100k,bench --input /home/lewis/w5/build/data/d100k.csv --variant distance --repeat 21 --warmup 3 --lat 10 --lon 20 --radius-km 2000
run4_clang_vec-off_distance_d100k.txt,4,clang,vec-off,distance,d100k,bench --input /home/lewis/w5/build/data/d100k.csv --variant distance --repeat 21 --warmup 3 --lat 10 --lon 20 --radius-km 2000
run4_clang_vec-default_distance_d1m.txt,4,clang,vec-default,distance,d1m,bench --input /home/lewis/w5/build/data/d1m.csv --variant distance --repeat 21 --warmup 3 --lat 10 --lon 20 --radius-km 2000
run4_clang_vec-off_distance_d1m.txt,4,clang,vec-off,distance,d1m,bench --input /home/lewis/w5/build/data/d1m.csv --variant distance --repeat 21 --warmup 3 --lat 10 --lon 20 --radius-km 2000
run4_clang_vec-default_query_d1k.txt,4,clang,vec-default,query,d1k,bench --input /home/lewis/w5/build/data/d1k.csv --variant query --repeat 21 --warmup 3 --lat 10 --lon 20 --radius-km 2000
run4_clang_vec-off_query_d1k.txt,4,clang,vec-off,query,d1k,bench --input /home/lewis/w5/build/data/d1k.csv --variant query --repeat 21 --warmup 3 --lat 10 --lon 20 --radius-km 2000
run4_clang_vec-default_query_d100k.txt,4,clang,vec-default,query,d100k,bench --input /home/lewis/w5/build/data/d100k.csv --variant query --repeat 21 --warmup 3 --lat 10 --lon 20 --radius-km 2000
run4_clang_vec-off_query_d100k.txt,4,clang,vec-off,query,d100k,bench --input /home/lewis/w5/build/data/d100k.csv --variant query --repeat 21 --warmup 3 --lat 10 --lon 20 --radius-km 2000
run4_clang_vec-default_query_d1m.txt,4,clang,vec-default,query,d1m,bench --input /home/lewis/w5/build/data/d1m.csv --variant query --repeat 21 --warmup 3 --lat 10 --lon 20 --radius-km 2000
run4_clang_vec-off_query_d1m.txt,4,clang,vec-off,query,d1m,bench --input /home/lewis/w5/build/data/d1m.csv --variant query --repeat 21 --warmup 3 --lat 10 --lon 20 --radius-km 2000
run4_clang_vec-default_parse_d100k.txt,4,clang,vec-default,parse,d100k,bench --input /home/lewis/w5/build/data/d100k.csv --variant parse --repeat 21 --warmup 3 --lat 10 --lon 20 --radius-km 2000
run4_clang_vec-off_parse_d100k.txt,4,clang,vec-off,parse,d100k,bench --input /home/lewis/w5/build/data/d100k.csv --variant parse --repeat 21 --warmup 3 --lat 10 --lon 20 --radius-km 2000
run5_clang_vec-off_distance_d1k.txt,5,clang,vec-off,distance,d1k,bench --input /home/lewis/w5/build/data/d1k.csv --variant distance --repeat 21 --warmup 3 --lat 10 --lon 20 --radius-km 2000
run5_clang_vec-default_distance_d1k.txt,5,clang,vec-default,distance,d1k,bench --input /home/lewis/w5/build/data/d1k.csv --variant distance --repeat 21 --warmup 3 --lat 10 --lon 20 --radius-km 2000
run5_clang_vec-off_distance_d100k.txt,5,clang,vec-off,distance,d100k,bench --input /home/lewis/w5/build/data/d100k.csv --variant distance --repeat 21 --warmup 3 --lat 10 --lon 20 --radius-km 2000
run5_clang_vec-default_distance_d100k.txt,5,clang,vec-default,distance,d100k,bench --input /home/lewis/w5/build/data/d100k.csv --variant distance --repeat 21 --warmup 3 --lat 10 --lon 20 --radius-km 2000
run5_clang_vec-off_distance_d1m.txt,5,clang,vec-off,distance,d1m,bench --input /home/lewis/w5/build/data/d1m.csv --variant distance --repeat 21 --warmup 3 --lat 10 --lon 20 --radius-km 2000
run5_clang_vec-default_distance_d1m.txt,5,clang,vec-default,distance,d1m,bench --input /home/lewis/w5/build/data/d1m.csv --variant distance --repeat 21 --warmup 3 --lat 10 --lon 20 --radius-km 2000
run5_clang_vec-off_query_d1k.txt,5,clang,vec-off,query,d1k,bench --input /home/lewis/w5/build/data/d1k.csv --variant query --repeat 21 --warmup 3 --lat 10 --lon 20 --radius-km 2000
run5_clang_vec-default_query_d1k.txt,5,clang,vec-default,query,d1k,bench --input /home/lewis/w5/build/data/d1k.csv --variant query --repeat 21 --warmup 3 --lat 10 --lon 20 --radius-km 2000
run5_clang_vec-off_query_d100k.txt,5,clang,vec-off,query,d100k,bench --input /home/lewis/w5/build/data/d100k.csv --variant query --repeat 21 --warmup 3 --lat 10 --lon 20 --radius-km 2000
run5_clang_vec-default_query_d100k.txt,5,clang,vec-default,query,d100k,bench --input /home/lewis/w5/build/data/d100k.csv --variant query --repeat 21 --warmup 3 --lat 10 --lon 20 --radius-km 2000
run5_clang_vec-off_query_d1m.txt,5,clang,vec-off,query,d1m,bench --input /home/lewis/w5/build/data/d1m.csv --variant query --repeat 21 --warmup 3 --lat 10 --lon 20 --radius-km 2000
run5_clang_vec-default_query_d1m.txt,5,clang,vec-default,query,d1m,bench --input /home/lewis/w5/build/data/d1m.csv --variant query --repeat 21 --warmup 3 --lat 10 --lon 20 --radius-km 2000
run5_clang_vec-off_parse_d100k.txt,5,clang,vec-off,parse,d100k,bench --input /home/lewis/w5/build/data/d100k.csv --variant parse --repeat 21 --warmup 3 --lat 10 --lon 20 --radius-km 2000
run5_clang_vec-default_parse_d100k.txt,5,clang,vec-default,parse,d100k,bench --input /home/lewis/w5/build/data/d100k.csv --variant parse --repeat 21 --warmup 3 --lat 10 --lon 20 --radius-km 2000
