resolution,ns,0,1
sample,ns,0,4489,4202496,0
sample,ns,1,4355,4202496,0
sample,ns,2,4349,4202496,0
sample,ns,3,4364,4202496,0
sample,ns,4,4360,4202496,0
sample,ns,5,4352,4202496,0
sample,ns,6,4362,4202496,0
sample,ns,7,4347,4202496,0
sample,ns,8,4361,4202496,0
summary,ns,4347,4360,4489,0,0
sample,empty-ns,0,43,0,0
sample,empty-ns,1,21,0,0
sample,empty-ns,2,22,0,0
sample,empty-ns,3,21,0,0
sample,empty-ns,4,20,0,0
sample,empty-ns,5,22,0,0
sample,empty-ns,6,20,0,0
sample,empty-ns,7,21,0,0
sample,empty-ns,8,22,0,0
summary,empty-ns,20,21,43,0,0
counter,1,1
sample,ticks,0,13278,4202496,0
sample,ticks,1,13236,4202496,0
sample,ticks,2,13230,4202496,0
sample,ticks,3,13170,4202496,0
sample,ticks,4,13220,4202496,0
sample,ticks,5,13216,4202496,0
sample,ticks,6,13204,4202496,0
sample,ticks,7,13192,4202496,0
sample,ticks,8,13194,4202496,0
summary,ticks,13170,13216,13278,0,0
sample,empty-ticks,0,104,0,0
sample,empty-ticks,1,100,0,0
sample,empty-ticks,2,78,0,0
sample,empty-ticks,3,80,0,0
sample,empty-ticks,4,80,0,0
sample,empty-ticks,5,80,0,0
sample,empty-ticks,6,78,0,0
sample,empty-ticks,7,76,0,0
sample,empty-ticks,8,76,0,0
summary,empty-ticks,76,80,104,0,0
calibration,4470,13176,2947651006.711
