shape,algorithm,n,repeat,min_ns,median_ns,mean_ns,max_ns,comparisons,writes,checksum
sorted,insertion,16,9,22,23.0,24.4,36,15,15,9104600953646118800
sorted,merge,16,9,99,101.0,121.7,213,32,128,9104600953646118800
sorted,radix,16,9,382,397.0,417.7,553,0,64,9104600953646118800
reverse,insertion,16,9,70,71.0,74.6,107,120,135,13324065114693145088
reverse,merge,16,9,96,98.0,108.6,176,32,128,13324065114693145088
reverse,radix,16,9,375,391.0,394.3,416,0,64,13324065114693145088
random,insertion,16,9,50,50.0,55.0,83,49,50,15125424044940802424
random,merge,16,9,115,122.0,134.4,191,43,128,15125424044940802424
random,radix,16,9,330,333.0,338.3,354,0,64,15125424044940802424
duplicates,insertion,16,9,57,59.0,72.8,141,65,67,2017914520858792847
duplicates,merge,16,9,140,141.0,156.0,253,43,128,2017914520858792847
duplicates,radix,16,9,486,510.0,505.0,522,0,64,2017914520858792847
sorted,insertion,64,9,55,58.0,57.8,60,63,63,16278246803393547840
sorted,merge,64,9,453,531.0,536.4,641,192,768,16278246803393547840
sorted,radix,64,9,793,856.0,852.0,926,0,256,16278246803393547840
reverse,insertion,64,9,962,970.0,999.1,1142,2016,2079,9877177817631105024
reverse,merge,64,9,428,533.0,532.1,659,192,768,9877177817631105024
reverse,radix,64,9,795,831.0,832.4,867,0,256,9877177817631105024
random,insertion,64,9,452,519.0,538.4,692,999,1000,9801857348187074320
random,merge,64,9,653,714.0,750.8,1075,303,768,9801857348187074320
random,radix,64,9,374,377.0,382.3,405,0,256,9801857348187074320
duplicates,insertion,64,9,470,510.0,523.9,677,927,929,13569774306881325685
duplicates,merge,64,9,630,637.0,691.1,938,289,768,13569774306881325685
duplicates,radix,64,9,819,839.0,841.9,869,0,256,13569774306881325685
sorted,insertion,256,9,175,176.0,178.0,197,255,255,13258487194434615552
sorted,merge,256,9,2481,2507.0,2543.3,2839,1024,4096,13258487194434615552
sorted,radix,256,9,2735,2921.0,2898.0,2999,0,1024,13258487194434615552
reverse,insertion,256,9,10313,10437.0,11050.8,12497,32640,32895,5160263623722008576
reverse,merge,256,9,2275,2313.0,2390.3,2739,1024,4096,5160263623722008576
reverse,radix,256,9,2497,2668.0,2641.2,2774,0,1024,5160263623722008576
random,insertion,256,9,6271,6626.0,6596.6,6744,16189,16191,15004201013275020240
random,merge,256,9,3780,3808.0,4206.6,6162,1722,4096,15004201013275020240
random,radix,256,9,880,881.0,885.9,909,0,1024,15004201013275020240
duplicates,insertion,256,9,5459,5718.0,5704.0,5907,13386,13388,3762578471757505334
duplicates,merge,256,9,3624,3675.0,3840.8,4924,1645,4096,3762578471757505334
duplicates,radix,256,9,2639,2744.0,2755.4,2862,0,1024,3762578471757505334
sorted,insertion,1024,9,662,664.0,665.3,681,1023,1023,8808111579675288576
sorted,merge,1024,9,12067,12173.0,12278.2,12740,5120,20480,8808111579675288576
sorted,radix,1024,9,7229,8164.0,8002.8,8456,0,4096,8808111579675288576
reverse,insertion,1024,9,158276,170474.0,169498.3,178692,523776,524799,10829706563264970752
reverse,merge,1024,9,14171,14401.0,14380.0,14511,5120,20480,10829706563264970752
reverse,radix,1024,9,8950,9494.0,9450.6,10020,0,4096,10829706563264970752
random,insertion,1024,9,84764,87954.0,91969.2,117912,262371,262376,2466206068656967632
random,merge,1024,9,21047,22960.0,23379.4,29998,8956,20480,2466206068656967632
random,radix,1024,9,2894,2915.0,5601.7,26787,0,4096,2466206068656967632
duplicates,insertion,1024,9,69902,70508.0,71678.6,76578,212030,212032,13132007951186628973
duplicates,merge,1024,9,19050,19654.0,20692.7,24846,8473,20480,13132007951186628973
duplicates,radix,1024,9,10080,10406.0,10432.8,10753,0,4096,13132007951186628973
